{
  "hash": "8b02b1ea",
  "configHash": "ecde8e15",
  "lockfileHash": "e0f387d0",
  "browserHash": "cf5b3ca2",
  "optimized": {
    "@angular/core": {
      "src": "../../../../../../node_modules/@angular/core/fesm2022/core.mjs",
      "file": "@angular_core.js",
      "fileHash": "c5a7c500",
      "needsInterop": false
    },
    "@angular/platform-browser": {
      "src": "../../../../../../node_modules/@angular/platform-browser/fesm2022/platform-browser.mjs",
      "file": "@angular_platform-browser.js",
      "fileHash": "a58af018",
      "needsInterop": false
    },
    "@angular/platform-server": {
      "src": "../../../../../../node_modules/@angular/platform-server/fesm2022/platform-server.mjs",
      "file": "@angular_platform-server.js",
      "fileHash": "f3dd90ec",
      "needsInterop": false
    },
    "@angular/router": {
      "src": "../../../../../../node_modules/@angular/router/fesm2022/router.mjs",
      "file": "@angular_router.js",
      "fileHash": "557f1f99",
      "needsInterop": false
    },
    "@angular/ssr": {
      "src": "../../../../../../node_modules/@angular/ssr/fesm2022/ssr.mjs",
      "file": "@angular_ssr.js",
      "fileHash": "b9353859",
      "needsInterop": false
    },
    "@angular/ssr/node": {
      "src": "../../../../../../node_modules/@angular/ssr/fesm2022/node.mjs",
      "file": "@angular_ssr_node.js",
      "fileHash": "9230b30e",
      "needsInterop": false
    },
    "express": {
      "src": "../../../../../../node_modules/express/index.js",
      "file": "express.js",
      "fileHash": "34a59ea6",
      "needsInterop": true
    }
  },
  "chunks": {
    "chunk-IT4VQTLC": {
      "file": "chunk-IT4VQTLC.js"
    },
    "chunk-W2IHLX2D": {
      "file": "chunk-W2IHLX2D.js"
    },
    "chunk-33ELTZ4L": {
      "file": "chunk-33ELTZ4L.js"
    },
    "chunk-XAPEC2CP": {
      "file": "chunk-XAPEC2CP.js"
    },
    "chunk-IWB6H4UU": {
      "file": "chunk-IWB6H4UU.js"
    },
    "xhr2-TXIMV6CV": {
      "file": "xhr2-TXIMV6CV.js"
    },
    "chunk-YHCV7DAQ": {
      "file": "chunk-YHCV7DAQ.js"
    }
  }
}