{
  "hash": "d8a5c9bf",
  "configHash": "801ecf28",
  "lockfileHash": "f7100c94",
  "browserHash": "fb9b7738",
  "optimized": {
    "@angular/cdk/bidi": {
      "src": "../../../../../../node_modules/@angular/cdk/fesm2022/bidi.mjs",
      "file": "@angular_cdk_bidi.js",
      "fileHash": "d30cf802",
      "needsInterop": false
    },
    "@angular/cdk/layout": {
      "src": "../../../../../../node_modules/@angular/cdk/fesm2022/layout.mjs",
      "file": "@angular_cdk_layout.js",
      "fileHash": "519bf642",
      "needsInterop": false
    },
    "@angular/cdk/scrolling": {
      "src": "../../../../../../node_modules/@angular/cdk/fesm2022/scrolling.mjs",
      "file": "@angular_cdk_scrolling.js",
      "fileHash": "e37e7d19",
      "needsInterop": false
    },
    "@angular/cdk/text-field": {
      "src": "../../../../../../node_modules/@angular/cdk/fesm2022/text-field.mjs",
      "file": "@angular_cdk_text-field.js",
      "fileHash": "f65b7cd1",
      "needsInterop": false
    },
    "@angular/common": {
      "src": "../../../../../../node_modules/@angular/common/fesm2022/common.mjs",
      "file": "@angular_common.js",
      "fileHash": "8c2ac3f9",
      "needsInterop": false
    },
    "@angular/common/http": {
      "src": "../../../../../../node_modules/@angular/common/fesm2022/http.mjs",
      "file": "@angular_common_http.js",
      "fileHash": "391b642a",
      "needsInterop": false
    },
    "@angular/core": {
      "src": "../../../../../../node_modules/@angular/core/fesm2022/core.mjs",
      "file": "@angular_core.js",
      "fileHash": "2e7a0735",
      "needsInterop": false
    },
    "@angular/forms": {
      "src": "../../../../../../node_modules/@angular/forms/fesm2022/forms.mjs",
      "file": "@angular_forms.js",
      "fileHash": "199a617c",
      "needsInterop": false
    },
    "@angular/material/button": {
      "src": "../../../../../../node_modules/@angular/material/fesm2022/button.mjs",
      "file": "@angular_material_button.js",
      "fileHash": "5172f9b4",
      "needsInterop": false
    },
    "@angular/material/card": {
      "src": "../../../../../../node_modules/@angular/material/fesm2022/card.mjs",
      "file": "@angular_material_card.js",
      "fileHash": "e7387954",
      "needsInterop": false
    },
    "@angular/material/core": {
      "src": "../../../../../../node_modules/@angular/material/fesm2022/core.mjs",
      "file": "@angular_material_core.js",
      "fileHash": "53fcb34e",
      "needsInterop": false
    },
    "@angular/material/datepicker": {
      "src": "../../../../../../node_modules/@angular/material/fesm2022/datepicker.mjs",
      "file": "@angular_material_datepicker.js",
      "fileHash": "780906cc",
      "needsInterop": false
    },
    "@angular/material/form-field": {
      "src": "../../../../../../node_modules/@angular/material/fesm2022/form-field.mjs",
      "file": "@angular_material_form-field.js",
      "fileHash": "67d4b035",
      "needsInterop": false
    },
    "@angular/material/icon": {
      "src": "../../../../../../node_modules/@angular/material/fesm2022/icon.mjs",
      "file": "@angular_material_icon.js",
      "fileHash": "a07a4f23",
      "needsInterop": false
    },
    "@angular/material/input": {
      "src": "../../../../../../node_modules/@angular/material/fesm2022/input.mjs",
      "file": "@angular_material_input.js",
      "fileHash": "fd7b8708",
      "needsInterop": false
    },
    "@angular/material/list": {
      "src": "../../../../../../node_modules/@angular/material/fesm2022/list.mjs",
      "file": "@angular_material_list.js",
      "fileHash": "8175db59",
      "needsInterop": false
    },
    "@angular/material/menu": {
      "src": "../../../../../../node_modules/@angular/material/fesm2022/menu.mjs",
      "file": "@angular_material_menu.js",
      "fileHash": "042ff742",
      "needsInterop": false
    },
    "@angular/material/progress-bar": {
      "src": "../../../../../../node_modules/@angular/material/fesm2022/progress-bar.mjs",
      "file": "@angular_material_progress-bar.js",
      "fileHash": "64580a3c",
      "needsInterop": false
    },
    "@angular/material/radio": {
      "src": "../../../../../../node_modules/@angular/material/fesm2022/radio.mjs",
      "file": "@angular_material_radio.js",
      "fileHash": "aadf3bf6",
      "needsInterop": false
    },
    "@angular/material/select": {
      "src": "../../../../../../node_modules/@angular/material/fesm2022/select.mjs",
      "file": "@angular_material_select.js",
      "fileHash": "5e328f30",
      "needsInterop": false
    },
    "@angular/material/sidenav": {
      "src": "../../../../../../node_modules/@angular/material/fesm2022/sidenav.mjs",
      "file": "@angular_material_sidenav.js",
      "fileHash": "5b802593",
      "needsInterop": false
    },
    "@angular/material/table": {
      "src": "../../../../../../node_modules/@angular/material/fesm2022/table.mjs",
      "file": "@angular_material_table.js",
      "fileHash": "5819a870",
      "needsInterop": false
    },
    "@angular/material/toolbar": {
      "src": "../../../../../../node_modules/@angular/material/fesm2022/toolbar.mjs",
      "file": "@angular_material_toolbar.js",
      "fileHash": "e1b479d4",
      "needsInterop": false
    },
    "@angular/material/tree": {
      "src": "../../../../../../node_modules/@angular/material/fesm2022/tree.mjs",
      "file": "@angular_material_tree.js",
      "fileHash": "eeb6cef9",
      "needsInterop": false
    },
    "@angular/platform-browser": {
      "src": "../../../../../../node_modules/@angular/platform-browser/fesm2022/platform-browser.mjs",
      "file": "@angular_platform-browser.js",
      "fileHash": "ed05a4b8",
      "needsInterop": false
    },
    "@angular/platform-server": {
      "src": "../../../../../../node_modules/@angular/platform-server/fesm2022/platform-server.mjs",
      "file": "@angular_platform-server.js",
      "fileHash": "28594680",
      "needsInterop": false
    },
    "@angular/router": {
      "src": "../../../../../../node_modules/@angular/router/fesm2022/router.mjs",
      "file": "@angular_router.js",
      "fileHash": "c788858f",
      "needsInterop": false
    },
    "@angular/ssr": {
      "src": "../../../../../../node_modules/@angular/ssr/fesm2022/ssr.mjs",
      "file": "@angular_ssr.js",
      "fileHash": "d01d9749",
      "needsInterop": false
    },
    "@angular/ssr/node": {
      "src": "../../../../../../node_modules/@angular/ssr/fesm2022/node.mjs",
      "file": "@angular_ssr_node.js",
      "fileHash": "a00f4fd7",
      "needsInterop": false
    },
    "chart.js": {
      "src": "../../../../../../node_modules/chart.js/dist/chart.js",
      "file": "chart__js.js",
      "fileHash": "f5baa714",
      "needsInterop": false
    },
    "express": {
      "src": "../../../../../../node_modules/express/index.js",
      "file": "express.js",
      "fileHash": "5290aa0a",
      "needsInterop": true
    },
    "ng2-charts": {
      "src": "../../../../../../node_modules/ng2-charts/fesm2022/ng2-charts.mjs",
      "file": "ng2-charts.js",
      "fileHash": "518d5924",
      "needsInterop": false
    },
    "rxjs": {
      "src": "../../../../../../node_modules/rxjs/dist/cjs/index.js",
      "file": "rxjs.js",
      "fileHash": "b92e0fff",
      "needsInterop": true
    },
    "rxjs/operators": {
      "src": "../../../../../../node_modules/rxjs/dist/cjs/operators/index.js",
      "file": "rxjs_operators.js",
      "fileHash": "d3d00dd5",
      "needsInterop": true
    }
  },
  "chunks": {
    "xhr2-TXIMV6CV": {
      "file": "xhr2-TXIMV6CV.js"
    },
    "chunk-O26YCMRB": {
      "file": "chunk-O26YCMRB.js"
    },
    "chunk-UVGBPRIL": {
      "file": "chunk-UVGBPRIL.js"
    },
    "chunk-27A3QK6H": {
      "file": "chunk-27A3QK6H.js"
    },
    "chunk-IMOOZWRS": {
      "file": "chunk-IMOOZWRS.js"
    },
    "chunk-ZR4KDPNF": {
      "file": "chunk-ZR4KDPNF.js"
    },
    "chunk-G6HBIMAD": {
      "file": "chunk-G6HBIMAD.js"
    },
    "chunk-JGGXI4ET": {
      "file": "chunk-JGGXI4ET.js"
    },
    "chunk-UHCZQJGE": {
      "file": "chunk-UHCZQJGE.js"
    },
    "chunk-LK7KT533": {
      "file": "chunk-LK7KT533.js"
    },
    "chunk-IEKDUPL3": {
      "file": "chunk-IEKDUPL3.js"
    },
    "chunk-REMNSOKM": {
      "file": "chunk-REMNSOKM.js"
    },
    "chunk-MNRZX6QV": {
      "file": "chunk-MNRZX6QV.js"
    },
    "chunk-NO44A3XX": {
      "file": "chunk-NO44A3XX.js"
    },
    "chunk-QHLNPCKN": {
      "file": "chunk-QHLNPCKN.js"
    },
    "chunk-732JLZXD": {
      "file": "chunk-732JLZXD.js"
    },
    "chunk-MJWROFZR": {
      "file": "chunk-MJWROFZR.js"
    },
    "chunk-FV2N5334": {
      "file": "chunk-FV2N5334.js"
    },
    "chunk-FAHGZFIV": {
      "file": "chunk-FAHGZFIV.js"
    },
    "chunk-M3ZFAHDO": {
      "file": "chunk-M3ZFAHDO.js"
    },
    "chunk-DJQPYB6F": {
      "file": "chunk-DJQPYB6F.js"
    },
    "chunk-E7ZDW757": {
      "file": "chunk-E7ZDW757.js"
    },
    "chunk-A34UOASE": {
      "file": "chunk-A34UOASE.js"
    },
    "chunk-KSXVCEND": {
      "file": "chunk-KSXVCEND.js"
    },
    "chunk-ZDR2TFDV": {
      "file": "chunk-ZDR2TFDV.js"
    },
    "chunk-C5HDTQAM": {
      "file": "chunk-C5HDTQAM.js"
    },
    "chunk-3HTP7NAX": {
      "file": "chunk-3HTP7NAX.js"
    },
    "chunk-JME5XKN5": {
      "file": "chunk-JME5XKN5.js"
    },
    "chunk-452VO65Q": {
      "file": "chunk-452VO65Q.js"
    },
    "chunk-QHVPHB5B": {
      "file": "chunk-QHVPHB5B.js"
    },
    "chunk-KM5EUCHB": {
      "file": "chunk-KM5EUCHB.js"
    },
    "chunk-CJJJUU22": {
      "file": "chunk-CJJJUU22.js"
    },
    "chunk-IO3V7EY3": {
      "file": "chunk-IO3V7EY3.js"
    },
    "chunk-6S2EPAKI": {
      "file": "chunk-6S2EPAKI.js"
    },
    "chunk-7OYSOX6T": {
      "file": "chunk-7OYSOX6T.js"
    },
    "chunk-KI6XBSUM": {
      "file": "chunk-KI6XBSUM.js"
    },
    "chunk-DFYWMW36": {
      "file": "chunk-DFYWMW36.js"
    },
    "chunk-XCIYP5SE": {
      "file": "chunk-XCIYP5SE.js"
    },
    "chunk-ZUJ64LXG": {
      "file": "chunk-ZUJ64LXG.js"
    },
    "chunk-OYTRG5F6": {
      "file": "chunk-OYTRG5F6.js"
    },
    "chunk-YHCV7DAQ": {
      "file": "chunk-YHCV7DAQ.js"
    }
  }
}