{
  "hash": "cc8c447a",
  "configHash": "e9b97eb6",
  "lockfileHash": "a2f61a3f",
  "browserHash": "732d38e7",
  "optimized": {
    "@angular/animations": {
      "src": "../../../../../../node_modules/@angular/animations/fesm2022/animations.mjs",
      "file": "@angular_animations.js",
      "fileHash": "a88fc206",
      "needsInterop": false
    },
    "@angular/cdk/bidi": {
      "src": "../../../../../../node_modules/@angular/cdk/fesm2022/bidi.mjs",
      "file": "@angular_cdk_bidi.js",
      "fileHash": "d1216209",
      "needsInterop": false
    },
    "@angular/cdk/layout": {
      "src": "../../../../../../node_modules/@angular/cdk/fesm2022/layout.mjs",
      "file": "@angular_cdk_layout.js",
      "fileHash": "6d70ae2e",
      "needsInterop": false
    },
    "@angular/cdk/scrolling": {
      "src": "../../../../../../node_modules/@angular/cdk/fesm2022/scrolling.mjs",
      "file": "@angular_cdk_scrolling.js",
      "fileHash": "0d1d9b63",
      "needsInterop": false
    },
    "@angular/cdk/text-field": {
      "src": "../../../../../../node_modules/@angular/cdk/fesm2022/text-field.mjs",
      "file": "@angular_cdk_text-field.js",
      "fileHash": "8d675dd1",
      "needsInterop": false
    },
    "@angular/common": {
      "src": "../../../../../../node_modules/@angular/common/fesm2022/common.mjs",
      "file": "@angular_common.js",
      "fileHash": "3a85e36b",
      "needsInterop": false
    },
    "@angular/common/http": {
      "src": "../../../../../../node_modules/@angular/common/fesm2022/http.mjs",
      "file": "@angular_common_http.js",
      "fileHash": "667fa236",
      "needsInterop": false
    },
    "@angular/core": {
      "src": "../../../../../../node_modules/@angular/core/fesm2022/core.mjs",
      "file": "@angular_core.js",
      "fileHash": "0564c546",
      "needsInterop": false
    },
    "@angular/forms": {
      "src": "../../../../../../node_modules/@angular/forms/fesm2022/forms.mjs",
      "file": "@angular_forms.js",
      "fileHash": "c3281400",
      "needsInterop": false
    },
    "@angular/material/button": {
      "src": "../../../../../../node_modules/@angular/material/fesm2022/button.mjs",
      "file": "@angular_material_button.js",
      "fileHash": "b4bc126f",
      "needsInterop": false
    },
    "@angular/material/card": {
      "src": "../../../../../../node_modules/@angular/material/fesm2022/card.mjs",
      "file": "@angular_material_card.js",
      "fileHash": "6653b42f",
      "needsInterop": false
    },
    "@angular/material/core": {
      "src": "../../../../../../node_modules/@angular/material/fesm2022/core.mjs",
      "file": "@angular_material_core.js",
      "fileHash": "c1640d3c",
      "needsInterop": false
    },
    "@angular/material/datepicker": {
      "src": "../../../../../../node_modules/@angular/material/fesm2022/datepicker.mjs",
      "file": "@angular_material_datepicker.js",
      "fileHash": "2feb569b",
      "needsInterop": false
    },
    "@angular/material/form-field": {
      "src": "../../../../../../node_modules/@angular/material/fesm2022/form-field.mjs",
      "file": "@angular_material_form-field.js",
      "fileHash": "0ce18015",
      "needsInterop": false
    },
    "@angular/material/icon": {
      "src": "../../../../../../node_modules/@angular/material/fesm2022/icon.mjs",
      "file": "@angular_material_icon.js",
      "fileHash": "2b534b9a",
      "needsInterop": false
    },
    "@angular/material/input": {
      "src": "../../../../../../node_modules/@angular/material/fesm2022/input.mjs",
      "file": "@angular_material_input.js",
      "fileHash": "7be7d80a",
      "needsInterop": false
    },
    "@angular/material/list": {
      "src": "../../../../../../node_modules/@angular/material/fesm2022/list.mjs",
      "file": "@angular_material_list.js",
      "fileHash": "e9ec5480",
      "needsInterop": false
    },
    "@angular/material/menu": {
      "src": "../../../../../../node_modules/@angular/material/fesm2022/menu.mjs",
      "file": "@angular_material_menu.js",
      "fileHash": "4fee70ba",
      "needsInterop": false
    },
    "@angular/material/progress-bar": {
      "src": "../../../../../../node_modules/@angular/material/fesm2022/progress-bar.mjs",
      "file": "@angular_material_progress-bar.js",
      "fileHash": "ae2f7eeb",
      "needsInterop": false
    },
    "@angular/material/radio": {
      "src": "../../../../../../node_modules/@angular/material/fesm2022/radio.mjs",
      "file": "@angular_material_radio.js",
      "fileHash": "eaea8bb3",
      "needsInterop": false
    },
    "@angular/material/select": {
      "src": "../../../../../../node_modules/@angular/material/fesm2022/select.mjs",
      "file": "@angular_material_select.js",
      "fileHash": "7f82a4e9",
      "needsInterop": false
    },
    "@angular/material/sidenav": {
      "src": "../../../../../../node_modules/@angular/material/fesm2022/sidenav.mjs",
      "file": "@angular_material_sidenav.js",
      "fileHash": "ede5cb8f",
      "needsInterop": false
    },
    "@angular/material/snack-bar": {
      "src": "../../../../../../node_modules/@angular/material/fesm2022/snack-bar.mjs",
      "file": "@angular_material_snack-bar.js",
      "fileHash": "0da4bf7d",
      "needsInterop": false
    },
    "@angular/material/table": {
      "src": "../../../../../../node_modules/@angular/material/fesm2022/table.mjs",
      "file": "@angular_material_table.js",
      "fileHash": "50186b88",
      "needsInterop": false
    },
    "@angular/material/toolbar": {
      "src": "../../../../../../node_modules/@angular/material/fesm2022/toolbar.mjs",
      "file": "@angular_material_toolbar.js",
      "fileHash": "2774653d",
      "needsInterop": false
    },
    "@angular/platform-browser": {
      "src": "../../../../../../node_modules/@angular/platform-browser/fesm2022/platform-browser.mjs",
      "file": "@angular_platform-browser.js",
      "fileHash": "52b64415",
      "needsInterop": false
    },
    "@angular/platform-server": {
      "src": "../../../../../../node_modules/@angular/platform-server/fesm2022/platform-server.mjs",
      "file": "@angular_platform-server.js",
      "fileHash": "82051fe3",
      "needsInterop": false
    },
    "@angular/router": {
      "src": "../../../../../../node_modules/@angular/router/fesm2022/router.mjs",
      "file": "@angular_router.js",
      "fileHash": "1933003b",
      "needsInterop": false
    },
    "@angular/ssr": {
      "src": "../../../../../../node_modules/@angular/ssr/fesm2022/ssr.mjs",
      "file": "@angular_ssr.js",
      "fileHash": "6c66d8df",
      "needsInterop": false
    },
    "@angular/ssr/node": {
      "src": "../../../../../../node_modules/@angular/ssr/fesm2022/node.mjs",
      "file": "@angular_ssr_node.js",
      "fileHash": "5bf89c5f",
      "needsInterop": false
    },
    "chart.js": {
      "src": "../../../../../../node_modules/chart.js/dist/chart.js",
      "file": "chart__js.js",
      "fileHash": "776b3f3a",
      "needsInterop": false
    },
    "express": {
      "src": "../../../../../../node_modules/express/index.js",
      "file": "express.js",
      "fileHash": "b57877ee",
      "needsInterop": true
    },
    "ng2-charts": {
      "src": "../../../../../../node_modules/ng2-charts/fesm2022/ng2-charts.mjs",
      "file": "ng2-charts.js",
      "fileHash": "cdb053dd",
      "needsInterop": false
    },
    "rxjs": {
      "src": "../../../../../../node_modules/rxjs/dist/cjs/index.js",
      "file": "rxjs.js",
      "fileHash": "c2bb430a",
      "needsInterop": true
    },
    "rxjs/operators": {
      "src": "../../../../../../node_modules/rxjs/dist/cjs/operators/index.js",
      "file": "rxjs_operators.js",
      "fileHash": "68b9f457",
      "needsInterop": true
    },
    "sweetalert2": {
      "src": "../../../../../../node_modules/sweetalert2/dist/sweetalert2.esm.all.js",
      "file": "sweetalert2.js",
      "fileHash": "d85fcd92",
      "needsInterop": false
    },
    "@angular/material/checkbox": {
      "src": "../../../../../../node_modules/@angular/material/fesm2022/checkbox.mjs",
      "file": "@angular_material_checkbox.js",
      "fileHash": "62a09c86",
      "needsInterop": false
    },
    "@angular/material/paginator": {
      "src": "../../../../../../node_modules/@angular/material/fesm2022/paginator.mjs",
      "file": "@angular_material_paginator.js",
      "fileHash": "f5e0e056",
      "needsInterop": false
    }
  },
  "chunks": {
    "xhr2-TXIMV6CV": {
      "file": "xhr2-TXIMV6CV.js"
    },
    "chunk-U2KCMIYP": {
      "file": "chunk-U2KCMIYP.js"
    },
    "chunk-WLGPTGSZ": {
      "file": "chunk-WLGPTGSZ.js"
    },
    "chunk-TLGFLYNC": {
      "file": "chunk-TLGFLYNC.js"
    },
    "chunk-IMOOZWRS": {
      "file": "chunk-IMOOZWRS.js"
    },
    "chunk-FAHGZFIV": {
      "file": "chunk-FAHGZFIV.js"
    },
    "chunk-HWCJKJD6": {
      "file": "chunk-HWCJKJD6.js"
    },
    "chunk-DJQPYB6F": {
      "file": "chunk-DJQPYB6F.js"
    },
    "chunk-JGGXI4ET": {
      "file": "chunk-JGGXI4ET.js"
    },
    "chunk-5ZJKTV2T": {
      "file": "chunk-5ZJKTV2T.js"
    },
    "chunk-MNRZX6QV": {
      "file": "chunk-MNRZX6QV.js"
    },
    "chunk-LKIYPR62": {
      "file": "chunk-LKIYPR62.js"
    },
    "chunk-VZQPF3KY": {
      "file": "chunk-VZQPF3KY.js"
    },
    "chunk-LDN6TLLJ": {
      "file": "chunk-LDN6TLLJ.js"
    },
    "chunk-IEKDUPL3": {
      "file": "chunk-IEKDUPL3.js"
    },
    "chunk-DMSYUOYF": {
      "file": "chunk-DMSYUOYF.js"
    },
    "chunk-KTD4HTCX": {
      "file": "chunk-KTD4HTCX.js"
    },
    "chunk-PO6A3NZ6": {
      "file": "chunk-PO6A3NZ6.js"
    },
    "chunk-NGKCIEQK": {
      "file": "chunk-NGKCIEQK.js"
    },
    "chunk-DUOSVI35": {
      "file": "chunk-DUOSVI35.js"
    },
    "chunk-NO44A3XX": {
      "file": "chunk-NO44A3XX.js"
    },
    "chunk-PBEE45ZI": {
      "file": "chunk-PBEE45ZI.js"
    },
    "chunk-RSZ2BIKG": {
      "file": "chunk-RSZ2BIKG.js"
    },
    "chunk-3HTP7NAX": {
      "file": "chunk-3HTP7NAX.js"
    },
    "chunk-C5HDTQAM": {
      "file": "chunk-C5HDTQAM.js"
    },
    "chunk-PQ27ZKL7": {
      "file": "chunk-PQ27ZKL7.js"
    },
    "chunk-ZDF2XFJR": {
      "file": "chunk-ZDF2XFJR.js"
    },
    "chunk-QHVPHB5B": {
      "file": "chunk-QHVPHB5B.js"
    },
    "chunk-732JLZXD": {
      "file": "chunk-732JLZXD.js"
    },
    "chunk-MJWROFZR": {
      "file": "chunk-MJWROFZR.js"
    },
    "chunk-JME5XKN5": {
      "file": "chunk-JME5XKN5.js"
    },
    "chunk-CJJJUU22": {
      "file": "chunk-CJJJUU22.js"
    },
    "chunk-PSIUJMAB": {
      "file": "chunk-PSIUJMAB.js"
    },
    "chunk-EPNPETMA": {
      "file": "chunk-EPNPETMA.js"
    },
    "chunk-IO3V7EY3": {
      "file": "chunk-IO3V7EY3.js"
    },
    "chunk-6S2EPAKI": {
      "file": "chunk-6S2EPAKI.js"
    },
    "chunk-7OYSOX6T": {
      "file": "chunk-7OYSOX6T.js"
    },
    "chunk-FV2N5334": {
      "file": "chunk-FV2N5334.js"
    },
    "chunk-KI6XBSUM": {
      "file": "chunk-KI6XBSUM.js"
    },
    "chunk-DFYWMW36": {
      "file": "chunk-DFYWMW36.js"
    },
    "chunk-XCIYP5SE": {
      "file": "chunk-XCIYP5SE.js"
    },
    "chunk-ZUJ64LXG": {
      "file": "chunk-ZUJ64LXG.js"
    },
    "chunk-OYTRG5F6": {
      "file": "chunk-OYTRG5F6.js"
    },
    "chunk-YHCV7DAQ": {
      "file": "chunk-YHCV7DAQ.js"
    }
  }
}