{
  "hash": "f01d46fd",
  "configHash": "172f0379",
  "lockfileHash": "e0f387d0",
  "browserHash": "9c691fe7",
  "optimized": {
    "@angular/core": {
      "src": "../../../../../../node_modules/@angular/core/fesm2022/core.mjs",
      "file": "@angular_core.js",
      "fileHash": "0b3bc8f4",
      "needsInterop": false
    },
    "@angular/platform-browser": {
      "src": "../../../../../../node_modules/@angular/platform-browser/fesm2022/platform-browser.mjs",
      "file": "@angular_platform-browser.js",
      "fileHash": "2ddf4ea4",
      "needsInterop": false
    },
    "@angular/router": {
      "src": "../../../../../../node_modules/@angular/router/fesm2022/router.mjs",
      "file": "@angular_router.js",
      "fileHash": "5c621635",
      "needsInterop": false
    }
  },
  "chunks": {
    "chunk-AJ7VW5DJ": {
      "file": "chunk-AJ7VW5DJ.js"
    },
    "chunk-Q2S4H7Q3": {
      "file": "chunk-Q2S4H7Q3.js"
    }
  }
}