{
  "hash": "d1e89402",
  "configHash": "b565626b",
  "lockfileHash": "f7100c94",
  "browserHash": "c739c844",
  "optimized": {
    "@angular/cdk/bidi": {
      "src": "../../../../../../node_modules/@angular/cdk/fesm2022/bidi.mjs",
      "file": "@angular_cdk_bidi.js",
      "fileHash": "faa36799",
      "needsInterop": false
    },
    "@angular/cdk/layout": {
      "src": "../../../../../../node_modules/@angular/cdk/fesm2022/layout.mjs",
      "file": "@angular_cdk_layout.js",
      "fileHash": "524a0a68",
      "needsInterop": false
    },
    "@angular/cdk/scrolling": {
      "src": "../../../../../../node_modules/@angular/cdk/fesm2022/scrolling.mjs",
      "file": "@angular_cdk_scrolling.js",
      "fileHash": "a0bb51b3",
      "needsInterop": false
    },
    "@angular/cdk/text-field": {
      "src": "../../../../../../node_modules/@angular/cdk/fesm2022/text-field.mjs",
      "file": "@angular_cdk_text-field.js",
      "fileHash": "555e9f5a",
      "needsInterop": false
    },
    "@angular/common": {
      "src": "../../../../../../node_modules/@angular/common/fesm2022/common.mjs",
      "file": "@angular_common.js",
      "fileHash": "cb35b3eb",
      "needsInterop": false
    },
    "@angular/common/http": {
      "src": "../../../../../../node_modules/@angular/common/fesm2022/http.mjs",
      "file": "@angular_common_http.js",
      "fileHash": "b5df3be1",
      "needsInterop": false
    },
    "@angular/core": {
      "src": "../../../../../../node_modules/@angular/core/fesm2022/core.mjs",
      "file": "@angular_core.js",
      "fileHash": "7ba2d324",
      "needsInterop": false
    },
    "@angular/forms": {
      "src": "../../../../../../node_modules/@angular/forms/fesm2022/forms.mjs",
      "file": "@angular_forms.js",
      "fileHash": "2fce2903",
      "needsInterop": false
    },
    "@angular/material/button": {
      "src": "../../../../../../node_modules/@angular/material/fesm2022/button.mjs",
      "file": "@angular_material_button.js",
      "fileHash": "2039f95a",
      "needsInterop": false
    },
    "@angular/material/card": {
      "src": "../../../../../../node_modules/@angular/material/fesm2022/card.mjs",
      "file": "@angular_material_card.js",
      "fileHash": "50c7082c",
      "needsInterop": false
    },
    "@angular/material/core": {
      "src": "../../../../../../node_modules/@angular/material/fesm2022/core.mjs",
      "file": "@angular_material_core.js",
      "fileHash": "de5a6b7b",
      "needsInterop": false
    },
    "@angular/material/datepicker": {
      "src": "../../../../../../node_modules/@angular/material/fesm2022/datepicker.mjs",
      "file": "@angular_material_datepicker.js",
      "fileHash": "eef1fbb1",
      "needsInterop": false
    },
    "@angular/material/form-field": {
      "src": "../../../../../../node_modules/@angular/material/fesm2022/form-field.mjs",
      "file": "@angular_material_form-field.js",
      "fileHash": "444dd9c1",
      "needsInterop": false
    },
    "@angular/material/icon": {
      "src": "../../../../../../node_modules/@angular/material/fesm2022/icon.mjs",
      "file": "@angular_material_icon.js",
      "fileHash": "df8d0081",
      "needsInterop": false
    },
    "@angular/material/input": {
      "src": "../../../../../../node_modules/@angular/material/fesm2022/input.mjs",
      "file": "@angular_material_input.js",
      "fileHash": "9722a294",
      "needsInterop": false
    },
    "@angular/material/list": {
      "src": "../../../../../../node_modules/@angular/material/fesm2022/list.mjs",
      "file": "@angular_material_list.js",
      "fileHash": "73b6b111",
      "needsInterop": false
    },
    "@angular/material/menu": {
      "src": "../../../../../../node_modules/@angular/material/fesm2022/menu.mjs",
      "file": "@angular_material_menu.js",
      "fileHash": "24518e81",
      "needsInterop": false
    },
    "@angular/material/progress-bar": {
      "src": "../../../../../../node_modules/@angular/material/fesm2022/progress-bar.mjs",
      "file": "@angular_material_progress-bar.js",
      "fileHash": "e06a9acf",
      "needsInterop": false
    },
    "@angular/material/radio": {
      "src": "../../../../../../node_modules/@angular/material/fesm2022/radio.mjs",
      "file": "@angular_material_radio.js",
      "fileHash": "781a07b1",
      "needsInterop": false
    },
    "@angular/material/select": {
      "src": "../../../../../../node_modules/@angular/material/fesm2022/select.mjs",
      "file": "@angular_material_select.js",
      "fileHash": "79e2bc8f",
      "needsInterop": false
    },
    "@angular/material/sidenav": {
      "src": "../../../../../../node_modules/@angular/material/fesm2022/sidenav.mjs",
      "file": "@angular_material_sidenav.js",
      "fileHash": "167b811e",
      "needsInterop": false
    },
    "@angular/material/table": {
      "src": "../../../../../../node_modules/@angular/material/fesm2022/table.mjs",
      "file": "@angular_material_table.js",
      "fileHash": "7c544a46",
      "needsInterop": false
    },
    "@angular/material/toolbar": {
      "src": "../../../../../../node_modules/@angular/material/fesm2022/toolbar.mjs",
      "file": "@angular_material_toolbar.js",
      "fileHash": "b3e0838e",
      "needsInterop": false
    },
    "@angular/material/tree": {
      "src": "../../../../../../node_modules/@angular/material/fesm2022/tree.mjs",
      "file": "@angular_material_tree.js",
      "fileHash": "18a39511",
      "needsInterop": false
    },
    "@angular/platform-browser": {
      "src": "../../../../../../node_modules/@angular/platform-browser/fesm2022/platform-browser.mjs",
      "file": "@angular_platform-browser.js",
      "fileHash": "ffb39848",
      "needsInterop": false
    },
    "@angular/router": {
      "src": "../../../../../../node_modules/@angular/router/fesm2022/router.mjs",
      "file": "@angular_router.js",
      "fileHash": "4db13dd0",
      "needsInterop": false
    },
    "chart.js": {
      "src": "../../../../../../node_modules/chart.js/dist/chart.js",
      "file": "chart__js.js",
      "fileHash": "59609426",
      "needsInterop": false
    },
    "ng2-charts": {
      "src": "../../../../../../node_modules/ng2-charts/fesm2022/ng2-charts.mjs",
      "file": "ng2-charts.js",
      "fileHash": "8e01d7d2",
      "needsInterop": false
    },
    "rxjs": {
      "src": "../../../../../../node_modules/rxjs/dist/esm5/index.js",
      "file": "rxjs.js",
      "fileHash": "49eff777",
      "needsInterop": false
    },
    "rxjs/operators": {
      "src": "../../../../../../node_modules/rxjs/dist/esm5/operators/index.js",
      "file": "rxjs_operators.js",
      "fileHash": "4215f7d4",
      "needsInterop": false
    }
  },
  "chunks": {
    "chunk-33WV6KOC": {
      "file": "chunk-33WV6KOC.js"
    },
    "chunk-U4MCQVMM": {
      "file": "chunk-U4MCQVMM.js"
    },
    "chunk-IJMARW34": {
      "file": "chunk-IJMARW34.js"
    },
    "chunk-KV2QAI7D": {
      "file": "chunk-KV2QAI7D.js"
    },
    "chunk-IN7EG6AQ": {
      "file": "chunk-IN7EG6AQ.js"
    },
    "chunk-XPTFCFEC": {
      "file": "chunk-XPTFCFEC.js"
    },
    "chunk-GL4QG2BZ": {
      "file": "chunk-GL4QG2BZ.js"
    },
    "chunk-DEREKIYQ": {
      "file": "chunk-DEREKIYQ.js"
    },
    "chunk-AQEX7EGR": {
      "file": "chunk-AQEX7EGR.js"
    },
    "chunk-6CIOYOEY": {
      "file": "chunk-6CIOYOEY.js"
    },
    "chunk-VGIU534W": {
      "file": "chunk-VGIU534W.js"
    },
    "chunk-OIBNGD5S": {
      "file": "chunk-OIBNGD5S.js"
    },
    "chunk-3EXM472G": {
      "file": "chunk-3EXM472G.js"
    },
    "chunk-SAULG235": {
      "file": "chunk-SAULG235.js"
    },
    "chunk-H2YEHXCS": {
      "file": "chunk-H2YEHXCS.js"
    },
    "chunk-QU5KOGPK": {
      "file": "chunk-QU5KOGPK.js"
    },
    "chunk-JXBCBRYI": {
      "file": "chunk-JXBCBRYI.js"
    },
    "chunk-6BMVXQ37": {
      "file": "chunk-6BMVXQ37.js"
    },
    "chunk-ZEGNJXW2": {
      "file": "chunk-ZEGNJXW2.js"
    },
    "chunk-SWLOKPSG": {
      "file": "chunk-SWLOKPSG.js"
    },
    "chunk-4MCWH7JN": {
      "file": "chunk-4MCWH7JN.js"
    },
    "chunk-2O4WY5GE": {
      "file": "chunk-2O4WY5GE.js"
    },
    "chunk-2CH673JE": {
      "file": "chunk-2CH673JE.js"
    },
    "chunk-BKVAQZUI": {
      "file": "chunk-BKVAQZUI.js"
    },
    "chunk-7UNXQEPO": {
      "file": "chunk-7UNXQEPO.js"
    },
    "chunk-XXFT5CMG": {
      "file": "chunk-XXFT5CMG.js"
    },
    "chunk-RUFDJNBA": {
      "file": "chunk-RUFDJNBA.js"
    },
    "chunk-JAQPCOKX": {
      "file": "chunk-JAQPCOKX.js"
    },
    "chunk-D5PTHPGH": {
      "file": "chunk-D5PTHPGH.js"
    },
    "chunk-D2GNFA4D": {
      "file": "chunk-D2GNFA4D.js"
    },
    "chunk-WUC4UL2Z": {
      "file": "chunk-WUC4UL2Z.js"
    },
    "chunk-RDKX5XJT": {
      "file": "chunk-RDKX5XJT.js"
    },
    "chunk-TOF6LNKI": {
      "file": "chunk-TOF6LNKI.js"
    },
    "chunk-WPM5VTLQ": {
      "file": "chunk-WPM5VTLQ.js"
    },
    "chunk-PEBH6BBU": {
      "file": "chunk-PEBH6BBU.js"
    },
    "chunk-4S3KYZTJ": {
      "file": "chunk-4S3KYZTJ.js"
    },
    "chunk-WDMUDEB6": {
      "file": "chunk-WDMUDEB6.js"
    }
  }
}