{
  "hash": "5fbdfccf",
  "configHash": "371d99b3",
  "lockfileHash": "a2f61a3f",
  "browserHash": "aa4b61a4",
  "optimized": {
    "@angular/animations": {
      "src": "../../../../../../node_modules/@angular/animations/fesm2022/animations.mjs",
      "file": "@angular_animations.js",
      "fileHash": "83a5b554",
      "needsInterop": false
    },
    "@angular/cdk/bidi": {
      "src": "../../../../../../node_modules/@angular/cdk/fesm2022/bidi.mjs",
      "file": "@angular_cdk_bidi.js",
      "fileHash": "066056f5",
      "needsInterop": false
    },
    "@angular/cdk/layout": {
      "src": "../../../../../../node_modules/@angular/cdk/fesm2022/layout.mjs",
      "file": "@angular_cdk_layout.js",
      "fileHash": "4dd3cfa1",
      "needsInterop": false
    },
    "@angular/cdk/scrolling": {
      "src": "../../../../../../node_modules/@angular/cdk/fesm2022/scrolling.mjs",
      "file": "@angular_cdk_scrolling.js",
      "fileHash": "00b66696",
      "needsInterop": false
    },
    "@angular/cdk/text-field": {
      "src": "../../../../../../node_modules/@angular/cdk/fesm2022/text-field.mjs",
      "file": "@angular_cdk_text-field.js",
      "fileHash": "8af1a46f",
      "needsInterop": false
    },
    "@angular/common": {
      "src": "../../../../../../node_modules/@angular/common/fesm2022/common.mjs",
      "file": "@angular_common.js",
      "fileHash": "153c6a52",
      "needsInterop": false
    },
    "@angular/common/http": {
      "src": "../../../../../../node_modules/@angular/common/fesm2022/http.mjs",
      "file": "@angular_common_http.js",
      "fileHash": "76c1a95d",
      "needsInterop": false
    },
    "@angular/core": {
      "src": "../../../../../../node_modules/@angular/core/fesm2022/core.mjs",
      "file": "@angular_core.js",
      "fileHash": "5531250f",
      "needsInterop": false
    },
    "@angular/forms": {
      "src": "../../../../../../node_modules/@angular/forms/fesm2022/forms.mjs",
      "file": "@angular_forms.js",
      "fileHash": "0ce42c5d",
      "needsInterop": false
    },
    "@angular/material/button": {
      "src": "../../../../../../node_modules/@angular/material/fesm2022/button.mjs",
      "file": "@angular_material_button.js",
      "fileHash": "01d54f8a",
      "needsInterop": false
    },
    "@angular/material/card": {
      "src": "../../../../../../node_modules/@angular/material/fesm2022/card.mjs",
      "file": "@angular_material_card.js",
      "fileHash": "d9c1ef70",
      "needsInterop": false
    },
    "@angular/material/core": {
      "src": "../../../../../../node_modules/@angular/material/fesm2022/core.mjs",
      "file": "@angular_material_core.js",
      "fileHash": "b9cfdfbd",
      "needsInterop": false
    },
    "@angular/material/datepicker": {
      "src": "../../../../../../node_modules/@angular/material/fesm2022/datepicker.mjs",
      "file": "@angular_material_datepicker.js",
      "fileHash": "40a38bd6",
      "needsInterop": false
    },
    "@angular/material/form-field": {
      "src": "../../../../../../node_modules/@angular/material/fesm2022/form-field.mjs",
      "file": "@angular_material_form-field.js",
      "fileHash": "b832efa8",
      "needsInterop": false
    },
    "@angular/material/icon": {
      "src": "../../../../../../node_modules/@angular/material/fesm2022/icon.mjs",
      "file": "@angular_material_icon.js",
      "fileHash": "1f4ede5e",
      "needsInterop": false
    },
    "@angular/material/input": {
      "src": "../../../../../../node_modules/@angular/material/fesm2022/input.mjs",
      "file": "@angular_material_input.js",
      "fileHash": "7821f478",
      "needsInterop": false
    },
    "@angular/material/list": {
      "src": "../../../../../../node_modules/@angular/material/fesm2022/list.mjs",
      "file": "@angular_material_list.js",
      "fileHash": "157dc355",
      "needsInterop": false
    },
    "@angular/material/menu": {
      "src": "../../../../../../node_modules/@angular/material/fesm2022/menu.mjs",
      "file": "@angular_material_menu.js",
      "fileHash": "8a1e76f7",
      "needsInterop": false
    },
    "@angular/material/progress-bar": {
      "src": "../../../../../../node_modules/@angular/material/fesm2022/progress-bar.mjs",
      "file": "@angular_material_progress-bar.js",
      "fileHash": "3f591d65",
      "needsInterop": false
    },
    "@angular/material/radio": {
      "src": "../../../../../../node_modules/@angular/material/fesm2022/radio.mjs",
      "file": "@angular_material_radio.js",
      "fileHash": "877da171",
      "needsInterop": false
    },
    "@angular/material/select": {
      "src": "../../../../../../node_modules/@angular/material/fesm2022/select.mjs",
      "file": "@angular_material_select.js",
      "fileHash": "23927a1d",
      "needsInterop": false
    },
    "@angular/material/sidenav": {
      "src": "../../../../../../node_modules/@angular/material/fesm2022/sidenav.mjs",
      "file": "@angular_material_sidenav.js",
      "fileHash": "11e3096a",
      "needsInterop": false
    },
    "@angular/material/snack-bar": {
      "src": "../../../../../../node_modules/@angular/material/fesm2022/snack-bar.mjs",
      "file": "@angular_material_snack-bar.js",
      "fileHash": "5cc16cf6",
      "needsInterop": false
    },
    "@angular/material/table": {
      "src": "../../../../../../node_modules/@angular/material/fesm2022/table.mjs",
      "file": "@angular_material_table.js",
      "fileHash": "6dfa99ad",
      "needsInterop": false
    },
    "@angular/material/toolbar": {
      "src": "../../../../../../node_modules/@angular/material/fesm2022/toolbar.mjs",
      "file": "@angular_material_toolbar.js",
      "fileHash": "4278ab7e",
      "needsInterop": false
    },
    "@angular/platform-browser": {
      "src": "../../../../../../node_modules/@angular/platform-browser/fesm2022/platform-browser.mjs",
      "file": "@angular_platform-browser.js",
      "fileHash": "f7eb6f8a",
      "needsInterop": false
    },
    "@angular/router": {
      "src": "../../../../../../node_modules/@angular/router/fesm2022/router.mjs",
      "file": "@angular_router.js",
      "fileHash": "2b8ae42f",
      "needsInterop": false
    },
    "chart.js": {
      "src": "../../../../../../node_modules/chart.js/dist/chart.js",
      "file": "chart__js.js",
      "fileHash": "3369435c",
      "needsInterop": false
    },
    "ng2-charts": {
      "src": "../../../../../../node_modules/ng2-charts/fesm2022/ng2-charts.mjs",
      "file": "ng2-charts.js",
      "fileHash": "f2bc6142",
      "needsInterop": false
    },
    "rxjs": {
      "src": "../../../../../../node_modules/rxjs/dist/esm5/index.js",
      "file": "rxjs.js",
      "fileHash": "02272987",
      "needsInterop": false
    },
    "rxjs/operators": {
      "src": "../../../../../../node_modules/rxjs/dist/esm5/operators/index.js",
      "file": "rxjs_operators.js",
      "fileHash": "50cbc182",
      "needsInterop": false
    },
    "sweetalert2": {
      "src": "../../../../../../node_modules/sweetalert2/dist/sweetalert2.esm.all.js",
      "file": "sweetalert2.js",
      "fileHash": "4afcb287",
      "needsInterop": false
    },
    "@angular/material/checkbox": {
      "src": "../../../../../../node_modules/@angular/material/fesm2022/checkbox.mjs",
      "file": "@angular_material_checkbox.js",
      "fileHash": "e9af00b4",
      "needsInterop": false
    },
    "@angular/material/paginator": {
      "src": "../../../../../../node_modules/@angular/material/fesm2022/paginator.mjs",
      "file": "@angular_material_paginator.js",
      "fileHash": "6756e76c",
      "needsInterop": false
    }
  },
  "chunks": {
    "chunk-33WV6KOC": {
      "file": "chunk-33WV6KOC.js"
    },
    "chunk-U4MCQVMM": {
      "file": "chunk-U4MCQVMM.js"
    },
    "chunk-KV2QAI7D": {
      "file": "chunk-KV2QAI7D.js"
    },
    "chunk-GL4QG2BZ": {
      "file": "chunk-GL4QG2BZ.js"
    },
    "chunk-AQEX7EGR": {
      "file": "chunk-AQEX7EGR.js"
    },
    "chunk-P5VTNWUS": {
      "file": "chunk-P5VTNWUS.js"
    },
    "chunk-SAULG235": {
      "file": "chunk-SAULG235.js"
    },
    "chunk-NE6NLFUU": {
      "file": "chunk-NE6NLFUU.js"
    },
    "chunk-IGKEO3CL": {
      "file": "chunk-IGKEO3CL.js"
    },
    "chunk-OIBNGD5S": {
      "file": "chunk-OIBNGD5S.js"
    },
    "chunk-4JMBYQ4T": {
      "file": "chunk-4JMBYQ4T.js"
    },
    "chunk-FGLN3TKD": {
      "file": "chunk-FGLN3TKD.js"
    },
    "chunk-GNG7OR7L": {
      "file": "chunk-GNG7OR7L.js"
    },
    "chunk-PZI6H7IO": {
      "file": "chunk-PZI6H7IO.js"
    },
    "chunk-D4TZAEJ5": {
      "file": "chunk-D4TZAEJ5.js"
    },
    "chunk-SCYHAXP6": {
      "file": "chunk-SCYHAXP6.js"
    },
    "chunk-AWYOV66A": {
      "file": "chunk-AWYOV66A.js"
    },
    "chunk-D2GNFA4D": {
      "file": "chunk-D2GNFA4D.js"
    },
    "chunk-Z4WKSZS4": {
      "file": "chunk-Z4WKSZS4.js"
    },
    "chunk-JXBCBRYI": {
      "file": "chunk-JXBCBRYI.js"
    },
    "chunk-6BMVXQ37": {
      "file": "chunk-6BMVXQ37.js"
    },
    "chunk-MZSVZGEU": {
      "file": "chunk-MZSVZGEU.js"
    },
    "chunk-7KF7N3YE": {
      "file": "chunk-7KF7N3YE.js"
    },
    "chunk-JAQPCOKX": {
      "file": "chunk-JAQPCOKX.js"
    },
    "chunk-WAO25O3W": {
      "file": "chunk-WAO25O3W.js"
    },
    "chunk-6IWTHDL5": {
      "file": "chunk-6IWTHDL5.js"
    },
    "chunk-2CH673JE": {
      "file": "chunk-2CH673JE.js"
    },
    "chunk-SWLOKPSG": {
      "file": "chunk-SWLOKPSG.js"
    },
    "chunk-4MCWH7JN": {
      "file": "chunk-4MCWH7JN.js"
    },
    "chunk-2O4WY5GE": {
      "file": "chunk-2O4WY5GE.js"
    },
    "chunk-XXFT5CMG": {
      "file": "chunk-XXFT5CMG.js"
    },
    "chunk-RUFDJNBA": {
      "file": "chunk-RUFDJNBA.js"
    },
    "chunk-D5PTHPGH": {
      "file": "chunk-D5PTHPGH.js"
    },
    "chunk-WUC4UL2Z": {
      "file": "chunk-WUC4UL2Z.js"
    },
    "chunk-RDKX5XJT": {
      "file": "chunk-RDKX5XJT.js"
    },
    "chunk-TOF6LNKI": {
      "file": "chunk-TOF6LNKI.js"
    },
    "chunk-WPM5VTLQ": {
      "file": "chunk-WPM5VTLQ.js"
    },
    "chunk-PEBH6BBU": {
      "file": "chunk-PEBH6BBU.js"
    },
    "chunk-4S3KYZTJ": {
      "file": "chunk-4S3KYZTJ.js"
    },
    "chunk-WDMUDEB6": {
      "file": "chunk-WDMUDEB6.js"
    }
  }
}